SiteId,Site Name,Report Date,Time Period Ending,Time Interval,0 - 520 cm,521 - 660 cm,661 - 1160 cm,1160+ cm,0 - 10 mph,11 - 15 mph,16 - 20 mph,21 - 25 mph,26 - 30 mph,31 - 35 mph,36 - 40 mph,41 - 45 mph,46 - 50 mph,51 - 55 mph,56 - 60 mph,61 - 70 mph,71 - 80 mph,80+ mph,Avg mph,Total Volume
7090,30361533,2023-06-26T00:00:00,00:14:00,0,64,8,8,14,0,0,0,0,0,0,0,1,1,5,16,30,33,8,66,94
7090,30361533,2023-06-26T00:00:00,00:29:00,1,39,3,7,14,0,0,0,0,0,0,0,0,1,3,21,18,18,2,64,63
7090,30361533,2023-06-26T00:00:00,00:44:00,2,43,4,3,19,0,0,0,0,0,0,0,0,0,6,18,15,21,9,66,69
7090,30361533,2023-06-26T00:00:00,00:59:00,3,40,11,6,19,0,0,0,0,0,0,0,0,0,3,20,22,27,4,66,76
7090,30361533,2023-06-26T00:00:00,01:14:00,4,29,4,4,20,0,0,0,0,0,0,0,0,0,6,20,10,10,11,64,57
7090,30361533,2023-06-26T00:00:00,01:29:00,5,32,7,5,24,0,0,0,0,0,0,0,0,1,3,24,14,17,9,65,68
7090,30361533,2023-06-26T00:00:00,01:44:00,6,26,6,3,16,0,0,0,0,0,0,0,0,0,2,19,11,13,6,65,51
7090,30361533,2023-06-26T00:00:00,01:59:00,7,16,2,5,17,0,0,0,0,0,0,0,0,0,3,16,8,11,2,63,40
7090,30361533,2023-06-26T00:00:00,02:14:00,8,13,3,7,21,0,0,0,0,0,0,0,0,1,3,22,9,5,4,61,44
7090,30361533,2023-06-26T00:00:00,02:29:00,9,12,7,10,19,0,0,0,0,0,0,0,0,1,4,16,14,11,2,63,48
7090,30361533,2023-06-26T00:00:00,02:44:00,10,20,3,4,27,0,0,0,0,0,0,0,0,0,3,26,9,13,3,63,54
7090,30361533,2023-06-26T00:00:00,02:59:00,11,17,3,8,25,0,0,0,0,0,0,0,0,1,3,23,12,11,3,62,53
7090,30361533,2023-06-26T00:00:00,03:14:00,12,26,6,3,26,0,0,0,0,0,0,0,0,0,8,14,20,12,7,64,61
7090,30361533,2023-06-26T00:00:00,03:29:00,13,23,6,14,25,0,0,1,0,0,0,0,0,1,6,24,15,17,4,61,68
7090,30361533,2023-06-26T00:00:00,03:44:00,14,28,5,12,17,0,0,0,0,0,0,0,0,1,3,15,24,13,6,65,62
7090,30361533,2023-06-26T00:00:00,03:59:00,15,44,8,14,23,0,0,0,0,0,0,0,0,2,8,21,15,33,10,66,89
7090,30361533,2023-06-26T00:00:00,04:14:00,16,38,7,10,31,0,0,0,0,0,0,0,0,0,12,21,20,19,14,65,86
7090,30361533,2023-06-26T00:00:00,04:29:00,17,50,18,19,31,0,0,0,0,0,0,0,1,1,8,23,29,47,9,66,118
7090,30361533,2023-06-26T00:00:00,04:44:00,18,53,17,20,33,0,0,0,0,0,0,0,0,1,9,31,27,44,11,66,123
7090,30361533,2023-06-26T00:00:00,04:59:00,19,86,24,18,66,0,0,0,0,0,0,0,0,0,16,50,42,61,25,66,194
7090,30361533,2023-06-26T00:00:00,05:14:00,20,101,26,23,59,0,0,0,0,0,0,0,0,0,14,55,45,52,43,67,209
7090,30361533,2023-06-26T00:00:00,05:29:00,21,123,22,31,54,0,0,0,0,0,0,0,0,1,12,50,51,80,36,67,230
7090,30361533,2023-06-26T00:00:00,05:44:00,22,138,37,25,62,0,0,0,0,0,0,0,0,1,14,54,76,77,40,67,262
7090,30361533,2023-06-26T00:00:00,05:59:00,23,176,33,41,57,0,0,0,0,0,0,0,0,0,17,59,66,104,61,68,307
7090,30361533,2023-06-26T00:00:00,06:14:00,24,221,43,44,69,0,0,0,0,0,0,0,0,0,18,75,77,163,44,68,377
7090,30361533,2023-06-26T00:00:00,06:29:00,25,252,52,44,67,0,0,0,0,0,0,0,1,2,18,74,95,154,71,68,415
7090,30361533,2023-06-26T00:00:00,06:44:00,26,355,50,48,84,0,0,0,0,0,0,0,1,0,29,82,125,216,84,68,537
7090,30361533,2023-06-26T00:00:00,06:59:00,27,389,73,53,76,0,0,0,0,0,0,0,1,0,29,73,153,232,103,69,591
7090,30361533,2023-06-26T00:00:00,07:14:00,28,476,84,55,101,0,0,0,0,0,0,0,0,1,27,123,165,309,91,68,716
7090,30361533,2023-06-26T00:00:00,07:29:00,29,461,74,59,93,0,0,0,0,0,0,0,1,5,30,112,180,280,79,68,687
7090,30361533,2023-06-26T00:00:00,07:44:00,30,535,104,60,82,0,0,0,0,0,0,0,0,2,30,124,203,337,85,68,781
7090,30361533,2023-06-26T00:00:00,07:59:00,31,573,88,63,73,0,0,0,0,0,0,0,0,3,29,116,210,361,78,68,797
7090,30361533,2023-06-26T00:00:00,08:14:00,32,555,94,56,80,0,0,0,0,0,0,0,0,2,35,94,241,341,72,68,785
7090,30361533,2023-06-26T00:00:00,08:29:00,33,535,87,54,67,0,0,0,0,0,0,0,0,1,33,95,242,305,67,68,743
7090,30361533,2023-06-26T00:00:00,08:44:00,34,491,83,40,67,0,0,0,0,0,0,0,0,3,25,77,218,278,80,68,681
7090,30361533,2023-06-26T00:00:00,08:59:00,35,491,74,64,55,0,0,0,0,0,0,0,0,0,32,88,208,261,95,68,684
7090,30361533,2023-06-26T00:00:00,09:14:00,36,415,62,56,62,0,0,0,0,0,0,1,0,0,32,86,170,250,56,68,595
7090,30361533,2023-06-26T00:00:00,09:29:00,37,456,52,46,65,0,0,0,0,0,0,0,0,0,26,89,185,247,72,68,619
7090,30361533,2023-06-26T00:00:00,09:44:00,38,472,67,48,68,0,0,0,0,0,0,0,0,2,29,93,200,257,74,68,655
7090,30361533,2023-06-26T00:00:00,09:59:00,39,535,48,43,69,0,0,0,0,0,0,0,1,2,34,94,229,277,58,67,695
7090,30361533,2023-06-26T00:00:00,10:14:00,40,545,46,51,55,0,0,0,0,0,0,0,0,1,27,90,262,285,32,67,697
7090,30361533,2023-06-26T00:00:00,10:29:00,41,539,60,41,51,0,0,0,0,0,0,0,0,2,31,81,232,284,61,68,691
7090,30361533,2023-06-26T00:00:00,10:44:00,42,572,47,51,59,0,0,0,0,0,0,0,0,0,30,98,256,277,68,68,729
7090,30361533,2023-06-26T00:00:00,10:59:00,43,567,39,34,57,0,0,0,0,0,0,0,0,1,37,62,247,283,67,68,697
7090,30361533,2023-06-26T00:00:00,11:14:00,44,625,52,48,55,0,0,0,0,0,0,0,0,3,26,109,263,316,63,68,780
7090,30361533,2023-06-26T00:00:00,11:29:00,45,602,48,55,68,0,0,0,0,0,0,0,1,6,38,86,291,313,38,67,773
7090,30361533,2023-06-26T00:00:00,11:44:00,46,644,55,60,59,0,0,0,0,0,0,0,0,5,42,99,304,320,48,67,818
7090,30361533,2023-06-26T00:00:00,11:59:00,47,634,57,43,60,0,1,0,0,0,0,0,0,1,38,90,280,320,64,67,794
7090,30361533,2023-06-26T00:00:00,12:14:00,48,584,57,44,66,0,0,0,0,0,0,0,0,1,33,95,258,307,57,68,751
7090,30361533,2023-06-26T00:00:00,12:29:00,49,604,48,42,80,0,0,0,0,0,0,0,0,6,51,106,272,297,42,66,774
7090,30361533,2023-06-26T00:00:00,12:44:00,50,606,39,54,58,0,0,0,0,0,0,0,1,1,36,98,243,324,54,68,757
7090,30361533,2023-06-26T00:00:00,12:59:00,51,591,48,51,58,0,0,0,0,0,0,0,0,4,34,86,269,286,69,68,748
7090,30361533,2023-06-26T00:00:00,13:14:00,52,595,47,41,61,0,0,0,0,0,0,0,0,3,36,87,267,304,47,67,744
7090,30361533,2023-06-26T00:00:00,13:29:00,53,567,49,32,54,0,0,0,0,0,0,0,0,1,14,83,221,302,81,69,702
7090,30361533,2023-06-26T00:00:00,13:44:00,54,526,46,31,77,0,0,0,0,0,0,0,0,3,25,81,221,272,78,68,680
7090,30361533,2023-06-26T00:00:00,13:59:00,55,510,40,38,75,0,0,0,0,0,0,0,0,5,26,102,218,242,70,67,663
7090,30361533,2023-06-26T00:00:00,14:14:00,56,498,44,52,77,0,0,0,0,0,0,0,0,6,16,131,223,234,61,67,671
7090,30361533,2023-06-26T00:00:00,14:29:00,57,481,31,38,59,0,0,0,0,0,0,0,0,2,31,65,165,279,67,69,609
7090,30361533,2023-06-26T00:00:00,14:44:00,58,511,37,37,69,0,0,0,0,0,0,0,0,1,36,90,185,277,65,68,654
7090,30361533,2023-06-26T00:00:00,14:59:00,59,403,42,36,61,0,0,0,0,0,0,0,0,1,27,67,158,224,65,68,542
7090,30361533,2023-06-26T00:00:00,15:14:00,60,420,34,28,49,0,0,0,0,0,0,0,0,3,13,68,167,196,84,69,531
7090,30361533,2023-06-26T00:00:00,15:29:00,61,472,29,26,46,0,0,0,0,0,1,0,1,3,13,74,168,232,81,69,573
7090,30361533,2023-06-26T00:00:00,15:44:00,62,483,31,19,54,0,0,0,0,0,0,0,0,0,15,81,166,247,78,69,587
7090,30361533,2023-06-26T00:00:00,15:59:00,63,453,39,32,62,0,0,0,0,0,0,0,1,1,17,80,155,242,90,69,586
7090,30361533,2023-06-26T00:00:00,16:14:00,64,516,48,20,39,0,0,0,0,0,0,0,0,0,14,51,178,263,117,70,623
7090,30361533,2023-06-26T00:00:00,16:29:00,65,488,33,22,42,0,0,0,0,0,0,0,0,0,15,66,171,250,83,69,585
7090,30361533,2023-06-26T00:00:00,16:44:00,66,567,34,18,64,0,0,0,0,0,0,0,0,0,22,76,183,294,108,70,683
7090,30361533,2023-06-26T00:00:00,16:59:00,67,577,34,16,65,0,0,0,0,0,0,0,0,1,18,77,196,294,106,69,692
7090,30361533,2023-06-26T00:00:00,17:14:00,68,525,31,19,50,0,0,0,0,0,0,0,1,0,12,73,186,265,88,69,625
7090,30361533,2023-06-26T00:00:00,17:29:00,69,460,25,19,41,0,0,0,0,0,0,0,0,2,11,40,170,218,104,70,545
7090,30361533,2023-06-26T00:00:00,17:44:00,70,409,17,10,24,0,0,0,0,0,0,0,1,0,9,35,125,198,92,71,460
7090,30361533,2023-06-26T00:00:00,17:59:00,71,368,16,10,31,0,0,0,0,0,0,0,0,0,8,32,143,151,91,70,425
7090,30361533,2023-06-26T00:00:00,18:14:00,72,374,20,4,44,0,0,0,0,0,1,0,0,1,13,35,113,172,107,71,442
7090,30361533,2023-06-26T00:00:00,18:29:00,73,307,23,11,36,0,0,0,0,0,0,1,0,0,9,34,110,143,80,70,377
7090,30361533,2023-06-26T00:00:00,18:44:00,74,330,10,20,37,0,0,0,0,0,0,0,0,3,8,43,72,173,98,71,397
7090,30361533,2023-06-26T00:00:00,18:59:00,75,401,23,14,53,0,0,0,0,0,0,0,0,1,9,61,116,220,84,70,491
7090,30361533,2023-06-26T00:00:00,19:14:00,76,445,34,9,45,0,0,0,0,0,0,0,0,0,15,44,146,229,99,70,533
7090,30361533,2023-06-26T00:00:00,19:29:00,77,439,27,13,68,0,0,0,0,0,0,0,0,2,12,66,135,233,99,70,547
7090,30361533,2023-06-26T00:00:00,19:44:00,78,502,32,14,84,0,0,0,0,0,0,0,0,0,20,80,157,281,94,69,632
7090,30361533,2023-06-26T00:00:00,19:59:00,79,360,37,31,87,0,0,0,0,0,0,0,0,3,29,81,126,192,84,68,515
7090,30361533,2023-06-26T00:00:00,20:14:00,80,304,32,15,68,0,0,0,0,0,0,0,0,0,14,67,107,157,74,69,419
7090,30361533,2023-06-26T00:00:00,20:29:00,81,275,10,13,75,0,0,0,0,0,0,0,0,0,14,74,96,134,55,68,373
7090,30361533,2023-06-26T00:00:00,20:44:00,82,209,20,15,61,0,0,0,0,0,0,0,0,3,12,55,67,120,48,68,305
7090,30361533,2023-06-26T00:00:00,20:59:00,83,197,18,10,29,0,0,0,0,0,0,0,0,0,3,29,73,95,54,70,254
7090,30361533,2023-06-26T00:00:00,21:14:00,84,174,12,16,30,0,0,0,0,0,0,0,0,1,10,30,48,96,47,70,232
7090,30361533,2023-06-26T00:00:00,21:29:00,85,176,14,13,25,0,0,0,0,0,0,0,0,1,10,31,62,87,37,69,228
7090,30361533,2023-06-26T00:00:00,21:44:00,86,136,7,10,39,0,0,0,0,0,0,0,0,0,7,37,53,66,29,68,192
7090,30361533,2023-06-26T00:00:00,21:59:00,87,83,14,13,28,0,0,0,0,0,0,0,0,0,10,24,39,51,14,67,138
7090,30361533,2023-06-26T00:00:00,22:14:00,88,100,12,6,38,0,0,0,0,0,0,0,0,0,4,36,36,59,21,68,156
7090,30361533,2023-06-26T00:00:00,22:29:00,89,93,11,5,36,0,0,0,0,0,0,0,1,1,7,36,40,41,19,66,145
7090,30361533,2023-06-26T00:00:00,22:44:00,90,74,9,7,35,0,0,0,0,0,0,0,0,0,6,41,35,32,11,65,125
7090,30361533,2023-06-26T00:00:00,22:59:00,91,67,3,8,29,0,0,0,0,0,0,0,1,0,3,31,34,26,12,65,107
7090,30361533,2023-06-26T00:00:00,23:14:00,92,84,8,5,36,0,0,0,0,0,0,0,0,1,6,32,33,44,17,66,133
7090,30361533,2023-06-26T00:00:00,23:29:00,93,52,7,16,44,0,0,0,0,0,0,0,0,0,10,40,30,27,12,64,119
7090,30361533,2023-06-26T00:00:00,23:44:00,94,27,6,7,37,0,0,0,0,0,0,0,0,0,9,35,13,16,4,62,77
7090,30361533,2023-06-26T00:00:00,23:59:00,95,51,3,10,26,0,0,0,0,0,0,0,0,0,9,23,22,20,16,65,90
7090,30361533,2023-06-27T00:00:00,00:14:00,0,41,9,6,42,0,0,0,0,0,0,0,0,1,14,33,20,22,8,62,98
7090,30361533,2023-06-27T00:00:00,00:29:00,1,30,5,5,37,0,0,0,0,0,0,0,0,0,9,31,15,19,3,62,77
7090,30361533,2023-06-27T00:00:00,00:44:00,2,23,3,8,39,0,0,0,0,0,0,0,0,1,7,32,11,15,7,62,73
7090,30361533,2023-06-27T00:00:00,00:59:00,3,25,6,3,38,0,0,0,0,0,0,0,0,0,6,35,11,15,5,62,72
7090,30361533,2023-06-27T00:00:00,01:14:00,4,28,3,8,43,0,0,0,0,0,0,0,0,1,10,34,16,11,10,62,82
7090,30361533,2023-06-27T00:00:00,01:29:00,5,24,5,6,49,0,0,0,0,0,0,0,0,0,7,42,10,18,7,62,84
7090,30361533,2023-06-27T00:00:00,01:44:00,6,24,7,7,50,0,0,0,0,0,0,0,0,3,5,43,17,16,4,61,88
7090,30361533,2023-06-27T00:00:00,01:59:00,7,28,9,8,57,0,0,0,0,0,0,0,0,0,4,51,20,19,8,63,102
7090,30361533,2023-06-27T00:00:00,02:14:00,8,20,6,12,59,0,0,0,0,0,0,0,0,1,6,49,21,16,4,61,97
7090,30361533,2023-06-27T00:00:00,02:29:00,9,18,6,17,43,0,0,0,0,0,0,0,0,0,8,37,14,22,3,62,84
7090,30361533,2023-06-27T00:00:00,02:44:00,10,17,6,10,52,0,0,0,0,0,0,0,0,0,5,47,12,17,4,62,85
7090,30361533,2023-06-27T00:00:00,02:59:00,11,14,3,10,40,0,0,0,0,0,0,0,0,1,8,30,15,4,9,61,67
7090,30361533,2023-06-27T00:00:00,03:14:00,12,18,1,16,46,0,0,0,0,0,0,0,0,0,6,42,13,13,7,62,81
7090,30361533,2023-06-27T00:00:00,03:29:00,13,23,8,11,44,0,0,0,0,0,0,0,0,0,9,37,16,19,5,62,86
7090,30361533,2023-06-27T00:00:00,03:44:00,14,23,3,14,40,0,0,0,0,0,0,0,0,0,6,38,19,12,5,62,80
7090,30361533,2023-06-27T00:00:00,03:59:00,15,38,9,17,65,0,0,0,0,0,0,0,0,0,10,55,30,22,12,63,129
7090,30361533,2023-06-27T00:00:00,04:14:00,16,32,9,30,57,0,0,0,0,0,0,0,0,0,9,52,27,30,10,63,128
7090,30361533,2023-06-27T00:00:00,04:29:00,17,31,12,24,59,0,0,0,0,0,0,0,0,0,8,57,33,20,8,62,126
7090,30361533,2023-06-27T00:00:00,04:44:00,18,31,12,24,54,0,0,0,0,0,0,0,0,1,10,46,26,25,13,63,121
7090,30361533,2023-06-27T00:00:00,04:59:00,19,47,10,23,62,0,0,0,0,0,0,0,0,1,6,59,32,31,13,63,142
7090,30361533,2023-06-27T00:00:00,05:14:00,20,73,8,32,57,0,0,0,0,0,0,0,0,0,7,51,38,48,26,66,170
7090,30361533,2023-06-27T00:00:00,05:29:00,21,80,12,25,70,0,0,0,0,0,0,0,0,2,15,61,29,55,25,65,187
7090,30361533,2023-06-27T00:00:00,05:44:00,22,94,21,31,77,0,0,0,0,0,0,0,0,2,10,76,44,61,30,65,223
7090,30361533,2023-06-27T00:00:00,05:59:00,23,114,25,39,105,0,0,0,0,0,0,0,0,2,27,96,52,75,31,64,283
7090,30361533,2023-06-27T00:00:00,06:14:00,24,165,30,43,94,0,0,0,0,0,0,0,0,1,27,76,79,110,39,66,332
7090,30361533,2023-06-27T00:00:00,06:29:00,25,211,40,47,96,0,0,0,0,0,0,0,0,0,22,96,84,141,51,67,394
7090,30361533,2023-06-27T00:00:00,06:44:00,26,260,61,47,95,0,0,0,0,0,0,0,0,0,31,100,104,165,63,67,463
7090,30361533,2023-06-27T00:00:00,06:59:00,27,289,56,52,97,0,0,0,0,0,0,0,0,1,26,104,136,179,48,67,494
7090,30361533,2023-06-27T00:00:00,07:14:00,28,353,68,55,92,0,0,0,0,0,0,0,0,1,36,89,148,238,56,67,568
7090,30361533,2023-06-27T00:00:00,07:29:00,29,419,68,50,79,0,0,0,0,0,0,0,1,0,33,82,171,260,69,68,616
7090,30361533,2023-06-27T00:00:00,07:44:00,30,479,82,49,80,0,0,0,0,0,0,0,1,3,20,105,236,243,82,68,690
7090,30361533,2023-06-27T00:00:00,07:59:00,31,515,78,53,72,0,0,0,0,0,0,0,0,3,45,112,243,261,54,66,718
7090,30361533,2023-06-27T00:00:00,08:14:00,32,497,65,49,75,0,0,0,0,0,0,0,0,3,29,91,217,282,64,68,686
7090,30361533,2023-06-27T00:00:00,08:29:00,33,477,72,53,78,0,0,0,0,0,0,0,0,1,28,96,212,256,87,68,680
7090,30361533,2023-06-27T00:00:00,08:44:00,34,415,78,43,81,0,0,0,0,0,0,0,1,0,31,86,191,238,70,68,617
7090,30361533,2023-06-27T00:00:00,08:59:00,35,419,68,47,53,0,0,0,0,0,0,0,0,1,23,74,168,237,84,69,587
7090,30361533,2023-06-27T00:00:00,09:14:00,36,394,51,40,63,0,0,0,0,0,0,0,0,3,26,70,141,245,63,68,548
7090,30361533,2023-06-27T00:00:00,09:29:00,37,395,52,52,70,0,0,0,0,0,0,1,0,3,23,90,168,217,67,68,569
7090,30361533,2023-06-27T00:00:00,09:44:00,38,395,53,41,62,0,0,0,0,0,0,0,0,2,27,78,161,231,52,68,551
7090,30361533,2023-06-27T00:00:00,09:59:00,39,356,40,32,68,0,0,0,0,0,0,0,0,2,21,84,157,189,43,67,496
7090,30361533,2023-06-27T00:00:00,10:14:00,40,413,41,48,68,1,0,0,0,0,0,0,0,0,22,85,213,205,44,66,570
7090,30361533,2023-06-27T00:00:00,10:29:00,41,398,56,28,71,0,0,0,0,0,0,0,1,0,20,83,178,232,39,67,553
7090,30361533,2023-06-27T00:00:00,10:44:00,42,416,38,42,62,0,0,0,0,0,0,0,0,1,16,85,174,224,58,68,558
7090,30361533,2023-06-27T00:00:00,10:59:00,43,434,24,31,57,0,0,0,0,0,0,0,0,2,14,76,184,217,53,68,546
7090,30361533,2023-06-27T00:00:00,11:14:00,44,411,42,39,80,0,0,0,0,0,0,0,0,1,35,96,203,190,47,66,572
7090,30361533,2023-06-27T00:00:00,11:29:00,45,388,44,39,65,0,0,0,0,0,0,0,0,4,16,92,175,207,42,67,536
7090,30361533,2023-06-27T00:00:00,11:44:00,46,463,38,31,68,0,0,0,0,0,0,0,2,1,26,105,230,204,32,66,600
7090,30361533,2023-06-27T00:00:00,11:59:00,47,448,33,40,65,0,0,0,0,0,0,0,1,2,35,100,178,220,50,67,586
7090,30361533,2023-06-27T00:00:00,12:14:00,48,427,32,30,62,0,0,0,0,0,0,0,0,1,21,84,199,211,35,67,551
7090,30361533,2023-06-27T00:00:00,12:29:00,49,444,46,40,76,0,0,0,0,0,0,0,0,2,37,79,232,224,32,66,606
7090,30361533,2023-06-27T00:00:00,12:44:00,50,389,38,38,76,0,0,0,0,0,0,0,1,4,29,108,164,202,33,66,541
7090,30361533,2023-06-27T00:00:00,12:59:00,51,410,45,29,75,0,0,0,0,0,1,0,0,8,28,79,168,227,48,67,559
7090,30361533,2023-06-27T00:00:00,13:14:00,52,380,38,37,67,0,0,0,0,0,0,0,0,1,30,97,166,185,43,66,522
7090,30361533,2023-06-27T00:00:00,13:29:00,53,354,45,27,70,0,0,0,0,0,0,0,0,2,27,80,158,194,35,67,496
7090,30361533,2023-06-27T00:00:00,13:44:00,54,376,33,38,59,0,0,0,0,0,0,0,2,1,21,79,158,192,53,67,506
7090,30361533,2023-06-27T00:00:00,13:59:00,55,393,35,42,66,0,0,0,0,0,0,0,1,1,22,83,171,216,42,67,536
7090,30361533,2023-06-27T00:00:00,14:14:00,56,389,40,35,93,0,0,0,0,0,0,0,1,0,26,105,179,217,29,66,557
7090,30361533,2023-06-27T00:00:00,14:29:00,57,449,48,25,71,0,0,0,0,0,0,0,2,1,27,96,201,226,40,67,593
7090,30361533,2023-06-27T00:00:00,14:44:00,58,433,31,28,74,0,0,0,0,0,0,0,1,5,29,91,169,230,41,67,566
7090,30361533,2023-06-27T00:00:00,14:59:00,59,413,40,33,83,0,0,0,0,1,0,0,1,7,27,93,164,227,49,67,569
7090,30361533,2023-06-27T00:00:00,15:14:00,60,409,29,35,76,0,0,0,0,0,0,1,1,1,25,85,155,223,58,68,549
7090,30361533,2023-06-27T00:00:00,15:29:00,61,413,38,36,74,0,0,0,0,0,0,0,0,2,28,91,158,221,61,67,561
7090,30361533,2023-06-27T00:00:00,15:44:00,62,473,38,20,73,0,0,0,0,0,0,0,1,1,28,77,204,237,56,68,604
7090,30361533,2023-06-27T00:00:00,15:59:00,63,466,32,32,66,0,0,0,0,0,0,0,0,3,23,82,188,227,73,68,596
7090,30361533,2023-06-27T00:00:00,16:14:00,64,460,42,16,71,0,0,0,0,0,0,0,0,2,17,75,192,227,76,68,589
7090,30361533,2023-06-27T00:00:00,16:29:00,65,470,34,16,68,0,0,0,0,1,0,0,1,0,18,81,174,241,72,68,588
7090,30361533,2023-06-27T00:00:00,16:44:00,66,534,37,21,54,0,0,0,0,0,0,0,0,0,15,75,175,264,117,70,646
7090,30361533,2023-06-27T00:00:00,16:59:00,67,528,41,20,55,0,0,0,0,0,0,0,0,1,9,73,163,278,120,70,644
7090,30361533,2023-06-27T00:00:00,17:14:00,68,541,35,16,59,0,0,0,0,0,0,0,0,0,21,73,155,281,121,70,651
7090,30361533,2023-06-27T00:00:00,17:29:00,69,533,23,17,65,0,0,0,0,0,0,0,0,4,20,86,183,254,91,69,638
7090,30361533,2023-06-27T00:00:00,17:44:00,70,507,20,17,60,0,0,0,0,0,0,0,0,2,17,81,150,258,96,69,604
7090,30361533,2023-06-27T00:00:00,17:59:00,71,520,17,21,51,0,0,0,0,0,0,0,0,3,27,54,169,271,85,69,609
7090,30361533,2023-06-27T00:00:00,18:14:00,72,451,22,9,66,0,0,0,0,0,0,0,0,2,13,57,136,250,90,70,548
7090,30361533,2023-06-27T00:00:00,18:29:00,73,345,22,7,59,0,0,0,0,0,0,0,0,1,13,57,109,175,78,69,433
7090,30361533,2023-06-27T00:00:00,18:44:00,74,313,23,14,43,0,0,0,0,0,0,0,0,3,13,40,103,156,78,70,393
7090,30361533,2023-06-27T00:00:00,18:59:00,75,263,11,6,56,0,0,0,0,0,0,0,0,1,16,50,84,139,46,68,336
7090,30361533,2023-06-27T00:00:00,19:14:00,76,278,18,11,50,0,0,0,0,0,0,0,0,0,14,49,79,142,73,70,357
7090,30361533,2023-06-27T00:00:00,19:29:00,77,333,22,23,80,0,0,0,0,0,0,0,0,1,17,85,105,182,68,68,458
7090,30361533,2023-06-27T00:00:00,19:44:00,78,256,15,15,64,0,0,0,0,0,0,0,2,6,41,55,100,109,37,65,350
7090,30361533,2023-06-27T00:00:00,19:59:00,79,221,14,15,48,0,0,0,0,0,0,0,0,2,25,48,85,107,31,66,298
7090,30361533,2023-06-27T00:00:00,20:14:00,80,213,19,8,47,0,0,0,0,0,0,0,0,0,21,52,72,102,40,67,287
7090,30361533,2023-06-27T00:00:00,20:29:00,81,215,11,16,43,0,0,0,0,1,0,0,0,1,16,46,59,113,49,68,285
7090,30361533,2023-06-27T00:00:00,20:44:00,82,157,8,9,44,0,0,0,0,0,0,0,0,1,14,45,57,75,26,67,218
7090,30361533,2023-06-27T00:00:00,20:59:00,83,159,8,6,31,0,0,0,0,0,0,0,0,1,15,28,66,74,20,67,204
7090,30361533,2023-06-27T00:00:00,21:14:00,84,141,7,10,29,0,0,0,0,0,0,0,0,0,14,29,41,70,33,68,187
7090,30361533,2023-06-27T00:00:00,21:29:00,85,135,6,10,37,0,0,0,0,0,0,0,0,0,11,36,48,65,28,67,188
7090,30361533,2023-06-27T00:00:00,21:44:00,86,123,3,6,37,0,0,0,0,0,0,0,1,0,9,37,44,59,19,66,169
7090,30361533,2023-06-27T00:00:00,21:59:00,87,118,7,8,34,0,0,0,0,0,0,0,0,0,9,33,59,51,15,66,167
7090,30361533,2023-06-27T00:00:00,22:14:00,88,97,10,11,40,0,0,0,0,0,0,0,0,0,15,38,44,44,17,65,158
7090,30361533,2023-06-27T00:00:00,22:29:00,89,89,3,7,27,0,0,0,0,0,0,0,0,0,8,29,39,33,17,66,126
7090,30361533,2023-06-27T00:00:00,22:44:00,90,42,10,11,30,0,0,0,0,0,0,0,0,0,13,32,24,22,2,62,93
7090,30361533,2023-06-27T00:00:00,22:59:00,91,72,9,8,44,0,0,0,0,0,0,0,0,4,13,45,41,24,6,62,133
7090,30361533,2023-06-27T00:00:00,23:14:00,92,58,8,6,45,0,0,0,0,0,0,0,0,1,9,41,25,34,7,64,117
7090,30361533,2023-06-27T00:00:00,23:29:00,93,55,4,13,42,0,0,0,0,0,0,0,0,0,12,42,23,28,9,63,114
7090,30361533,2023-06-27T00:00:00,23:44:00,94,36,4,12,36,0,0,0,0,0,0,0,1,0,8,36,12,21,10,63,88
7090,30361533,2023-06-27T00:00:00,23:59:00,95,44,2,13,31,0,0,0,0,0,0,0,0,0,9,30,17,20,14,64,90
7090,30361533,2023-06-28T00:00:00,00:14:00,0,27,4,4,39,0,0,0,0,0,0,0,0,1,9,31,14,13,6,62,74
7090,30361533,2023-06-28T00:00:00,00:29:00,1,39,3,6,33,0,0,0,0,0,0,0,0,1,4,33,18,20,5,63,81
7090,30361533,2023-06-28T00:00:00,00:44:00,2,35,5,12,34,0,0,0,0,0,0,0,0,0,8,35,14,18,11,63,86
7090,30361533,2023-06-28T00:00:00,00:59:00,3,24,2,10,32,0,0,0,0,0,0,0,0,0,6,31,17,11,3,61,68
7090,30361533,2023-06-28T00:00:00,01:14:00,4,25,3,3,45,0,0,0,0,0,0,0,0,0,9,37,10,13,7,62,76
7090,30361533,2023-06-28T00:00:00,01:29:00,5,24,1,6,50,0,0,0,0,0,0,0,0,0,12,42,10,11,6,60,81
7090,30361533,2023-06-28T00:00:00,01:44:00,6,23,6,6,57,0,0,0,0,0,0,0,0,1,4,54,16,12,5,61,92
7090,30361533,2023-06-28T00:00:00,01:59:00,7,13,4,9,41,0,0,0,0,0,0,0,0,0,6,37,15,6,3,60,67
7090,30361533,2023-06-28T00:00:00,02:14:00,8,24,5,12,57,0,0,0,0,0,0,0,0,2,10,50,19,12,5,60,98
7090,30361533,2023-06-28T00:00:00,02:29:00,9,14,4,16,39,0,0,0,0,0,0,0,0,0,7,34,15,12,5,62,73
7090,30361533,2023-06-28T00:00:00,02:44:00,10,14,4,6,48,0,0,0,0,0,0,0,0,0,7,41,9,9,6,61,72
7090,30361533,2023-06-28T00:00:00,02:59:00,11,31,5,8,39,0,0,0,0,0,0,0,0,0,9,34,19,11,10,62,83
7090,30361533,2023-06-28T00:00:00,03:14:00,12,21,9,16,50,0,0,0,0,0,0,0,0,0,9,46,15,23,3,62,96
7090,30361533,2023-06-28T00:00:00,03:29:00,13,15,6,14,46,0,0,0,0,0,0,1,0,1,7,41,8,14,9,61,81
7090,30361533,2023-06-28T00:00:00,03:44:00,14,22,12,17,48,0,0,0,0,0,0,0,0,0,10,48,17,20,4,61,99
7090,30361533,2023-06-28T00:00:00,03:59:00,15,16,4,21,50,0,0,0,0,0,0,0,0,1,13,48,14,9,6,60,91
7090,30361533,2023-06-28T00:00:00,04:14:00,16,28,6,24,55,0,0,0,0,0,0,0,0,0,15,44,18,28,8,62,113
7090,30361533,2023-06-28T00:00:00,04:29:00,17,29,7,20,48,0,0,0,0,0,0,0,0,0,12,38,27,16,11,63,104
7090,30361533,2023-06-28T00:00:00,04:44:00,18,26,7,29,64,0,0,0,0,0,0,0,0,3,2,66,32,15,8,61,126
7090,30361533,2023-06-28T00:00:00,04:59:00,19,49,11,34,71,0,0,0,0,0,0,0,0,2,11,65,39,36,12,63,165
7090,30361533,2023-06-28T00:00:00,05:14:00,20,50,19,26,71,0,0,0,0,0,1,0,0,4,14,65,30,36,16,62,166
7090,30361533,2023-06-28T00:00:00,05:29:00,21,85,16,39,52,0,0,0,0,0,0,0,0,0,17,54,44,54,23,65,192
7090,30361533,2023-06-28T00:00:00,05:44:00,22,89,24,28,85,0,0,0,0,0,0,0,0,2,24,68,53,59,20,64,226
7090,30361533,2023-06-28T00:00:00,05:59:00,23,114,22,30,80,0,0,0,0,0,0,0,1,2,21,69,42,77,34,65,246
7090,30361533,2023-06-28T00:00:00,06:14:00,24,139,42,50,120,0,0,0,0,0,0,0,1,0,27,115,66,104,38,65,351
7090,30361533,2023-06-28T00:00:00,06:29:00,25,210,34,47,98,0,0,0,0,0,0,0,0,2,40,86,74,134,53,66,389
7090,30361533,2023-06-28T00:00:00,06:44:00,26,250,51,53,97,0,0,0,0,0,0,0,0,1,34,90,101,160,65,67,451
7090,30361533,2023-06-28T00:00:00,06:59:00,27,303,59,56,89,0,0,0,0,0,0,0,1,1,27,92,118,206,62,68,507
7090,30361533,2023-06-28T00:00:00,07:14:00,28,359,45,54,70,0,0,0,0,0,0,0,0,1,34,78,142,205,68,68,528
7090,30361533,2023-06-28T00:00:00,07:29:00,29,427,62,53,80,0,0,0,0,0,0,0,1,0,33,93,164,257,74,68,622
7090,30361533,2023-06-28T00:00:00,07:44:00,30,480,69,80,75,0,0,0,0,0,0,0,2,1,49,107,186,276,83,67,704
7090,30361533,2023-06-28T00:00:00,07:59:00,31,462,73,47,73,0,0,0,0,0,0,0,0,1,35,88,190,259,82,68,655
7090,30361533,2023-06-28T00:00:00,08:14:00,32,480,71,56,63,0,0,0,0,0,0,0,1,3,39,87,195,291,54,67,670
7090,30361533,2023-06-28T00:00:00,08:29:00,33,507,84,66,55,0,0,0,0,0,0,0,0,1,34,105,218,287,67,68,712
7090,30361533,2023-06-28T00:00:00,08:44:00,34,481,77,61,75,0,0,0,0,0,0,0,0,0,43,102,193,285,71,68,694
7090,30361533,2023-06-28T00:00:00,08:59:00,35,441,68,57,72,0,0,0,0,0,0,0,0,2,22,120,185,232,77,67,638
7090,30361533,2023-06-28T00:00:00,09:14:00,36,425,44,40,62,0,0,0,0,0,0,0,2,2,19,83,175,229,61,68,571
7090,30361533,2023-06-28T00:00:00,09:29:00,37,368,49,60,73,0,0,0,0,0,0,0,0,0,16,103,140,218,73,68,550
7090,30361533,2023-06-28T00:00:00,09:44:00,38,402,46,45,57,0,0,0,0,0,0,0,0,2,28,77,157,228,58,68,550
7090,30361533,2023-06-28T00:00:00,09:59:00,39,397,42,47,64,0,0,0,0,0,0,2,0,1,27,83,169,216,52,67,550
7090,30361533,2023-06-28T00:00:00,10:14:00,40,374,44,51,51,0,0,0,0,0,0,1,0,1,31,79,135,216,57,68,520
7090,30361533,2023-06-28T00:00:00,10:29:00,41,389,54,46,72,0,0,0,0,0,0,0,0,2,23,98,169,218,51,67,561
7090,30361533,2023-06-28T00:00:00,10:44:00,42,407,42,50,69,0,0,0,0,0,0,0,0,1,32,88,156,239,52,67,568
7090,30361533,2023-06-28T00:00:00,10:59:00,43,453,38,40,59,0,0,0,0,0,0,0,1,4,29,80,189,215,72,68,590
7090,30361533,2023-06-28T00:00:00,11:14:00,44,412,44,50,65,0,0,0,0,0,0,0,0,0,34,89,164,238,46,67,571
7090,30361533,2023-06-28T00:00:00,11:29:00,45,480,52,39,65,0,0,0,0,0,0,0,0,1,21,85,206,268,55,68,636
7090,30361533,2023-06-28T00:00:00,11:44:00,46,403,32,29,71,0,0,0,1,0,0,0,0,1,33,84,167,195,54,67,535
7090,30361533,2023-06-28T00:00:00,11:59:00,47,431,49,43,57,0,0,0,0,0,0,0,0,3,29,71,184,245,48,68,580
7090,30361533,2023-06-28T00:00:00,12:14:00,48,419,45,41,65,0,0,0,0,0,0,0,2,8,25,97,176,220,42,66,570
7090,30361533,2023-06-28T00:00:00,12:29:00,49,384,35,40,69,0,0,0,0,0,0,0,0,2,31,94,171,182,48,66,528
7090,30361533,2023-06-28T00:00:00,12:44:00,50,430,40,38,67,0,0,0,0,0,0,0,1,3,24,80,176,237,54,68,575
7090,30361533,2023-06-28T00:00:00,12:59:00,51,404,46,33,78,0,0,0,0,0,0,0,1,2,32,83,175,206,62,67,561
7090,30361533,2023-06-28T00:00:00,13:14:00,52,348,33,41,73,0,0,0,0,0,0,0,0,4,26,85,138,190,52,67,495
7090,30361533,2023-06-28T00:00:00,13:29:00,53,392,54,38,58,0,0,0,0,0,0,0,2,0,20,79,157,218,66,68,542
7090,30361533,2023-06-28T00:00:00,13:44:00,54,385,35,36,58,0,0,0,0,0,0,0,0,1,27,80,144,203,59,68,514
7090,30361533,2023-06-28T00:00:00,13:59:00,55,379,32,37,74,0,0,0,0,0,0,0,1,3,28,81,178,189,42,67,522
7090,30361533,2023-06-28T00:00:00,14:14:00,56,375,39,29,51,0,0,0,0,0,0,0,0,0,16,85,142,181,70,68,494
7090,30361533,2023-06-28T00:00:00,14:29:00,57,368,35,34,68,0,0,0,0,0,0,0,0,0,32,99,169,155,50,66,505
7090,30361533,2023-06-28T00:00:00,14:44:00,58,442,35,36,60,0,0,0,0,0,0,0,1,4,32,122,226,177,11,65,573
7090,30361533,2023-06-28T00:00:00,14:59:00,59,288,33,27,31,0,0,0,0,0,0,0,0,2,25,56,121,139,36,67,379
7090,30361533,2023-06-28T00:00:00,15:14:00,60,216,13,14,33,0,0,0,0,0,0,0,2,5,12,46,80,89,42,67,276
7090,30361533,2023-06-28T00:00:00,15:29:00,61,92,2,5,8,0,0,0,0,0,0,0,0,0,6,19,32,34,16,67,107
7090,30361533,2023-06-28T00:00:00,15:44:00,62,78,5,10,5,0,0,0,0,0,0,0,0,1,8,10,35,38,6,66,98
7090,30361533,2023-06-28T00:00:00,15:59:00,63,121,10,7,6,0,0,0,0,0,0,0,0,0,6,11,58,50,19,68,144
7090,30361533,2023-06-28T00:00:00,16:14:00,64,405,39,15,34,0,0,0,0,0,0,0,0,2,20,52,140,202,77,69,493
7090,30361533,2023-06-28T00:00:00,16:29:00,65,756,60,39,98,0,0,0,0,0,0,0,0,1,39,168,421,286,38,66,953
7090,30361533,2023-06-28T00:00:00,16:44:00,66,720,54,45,109,0,0,0,0,0,0,0,0,11,42,143,386,292,54,66,928
7090,30361533,2023-06-28T00:00:00,16:59:00,67,767,63,40,115,0,0,0,0,0,0,0,2,7,64,178,404,304,26,65,985
7090,30361533,2023-06-28T00:00:00,17:14:00,68,922,67,23,115,0,0,0,0,0,0,0,0,9,77,228,555,233,25,64,1127
7090,30361533,2023-06-28T00:00:00,17:29:00,69,579,39,21,57,0,0,0,0,0,0,0,0,0,22,82,254,275,63,68,696
7090,30361533,2023-06-28T00:00:00,17:44:00,70,270,16,7,21,0,0,0,0,0,0,0,0,0,3,33,111,119,48,69,314
7090,30361533,2023-06-28T00:00:00,17:59:00,71,668,39,18,61,0,0,0,0,0,0,1,0,3,65,154,243,222,98,66,786
7090,30361533,2023-06-28T00:00:00,18:14:00,72,702,37,30,115,0,0,0,0,0,0,0,0,8,59,145,340,271,61,66,884
7090,30361533,2023-06-28T00:00:00,18:29:00,73,422,28,15,59,0,0,0,0,0,0,0,0,1,26,54,147,203,93,69,524
7090,30361533,2023-06-28T00:00:00,18:44:00,74,402,28,19,64,0,0,0,0,0,0,0,1,2,17,70,121,226,76,69,513
7090,30361533,2023-06-28T00:00:00,18:59:00,75,325,20,14,71,0,0,0,0,0,0,0,0,0,19,69,84,188,70,69,430
7090,30361533,2023-06-28T00:00:00,19:14:00,76,324,17,12,60,0,0,0,0,0,0,0,1,1,17,57,99,158,80,69,413
7090,30361533,2023-06-28T00:00:00,19:29:00,77,310,20,12,50,0,0,0,0,0,0,0,0,0,12,69,75,167,69,69,392
7090,30361533,2023-06-28T00:00:00,19:44:00,78,274,14,7,45,0,0,0,0,0,0,0,0,1,12,43,85,135,64,69,340
7090,30361533,2023-06-28T00:00:00,19:59:00,79,222,11,10,61,0,0,0,0,0,0,0,0,1,16,48,64,118,57,69,304
7090,30361533,2023-06-28T00:00:00,20:14:00,80,220,15,14,40,0,0,0,0,0,0,0,0,2,13,46,67,101,60,69,289
7090,30361533,2023-06-28T00:00:00,20:29:00,81,192,7,12,46,0,0,0,0,0,0,0,0,0,6,46,62,108,35,69,257
7090,30361533,2023-06-28T00:00:00,20:44:00,82,217,11,4,42,0,0,0,0,0,0,0,0,0,7,40,62,109,56,70,274
7090,30361533,2023-06-28T00:00:00,20:59:00,83,159,10,7,34,0,0,0,0,0,0,0,0,0,13,28,48,85,36,69,210
7090,30361533,2023-06-28T00:00:00,21:14:00,84,141,8,5,36,0,0,0,0,0,0,0,0,0,12,30,40,69,39,69,190
7090,30361533,2023-06-28T00:00:00,21:29:00,85,140,9,9,32,0,0,0,0,0,0,0,0,2,7,37,45,71,28,68,190
7090,30361533,2023-06-28T00:00:00,21:44:00,86,106,7,9,30,0,0,0,0,0,0,0,0,2,7,29,36,61,17,67,152
7090,30361533,2023-06-28T00:00:00,21:59:00,87,106,6,11,41,0,0,0,0,0,0,0,0,0,15,33,41,47,28,67,164
7090,30361533,2023-06-28T00:00:00,22:14:00,88,94,3,7,29,0,0,0,0,0,0,0,0,1,3,29,40,45,15,67,133
7090,30361533,2023-06-28T00:00:00,22:29:00,89,108,7,8,39,0,0,0,0,0,0,0,1,3,10,35,38,47,28,66,162
7090,30361533,2023-06-28T00:00:00,22:44:00,90,107,5,7,34,0,0,0,0,0,0,0,0,0,6,35,41,48,23,67,153
7090,30361533,2023-06-28T00:00:00,22:59:00,91,77,7,7,43,0,0,0,0,0,0,0,0,1,19,32,38,32,12,64,134
7090,30361533,2023-06-28T00:00:00,23:14:00,92,65,5,10,34,0,0,0,0,0,0,0,0,0,10,32,21,34,17,66,114
7090,30361533,2023-06-28T00:00:00,23:29:00,93,75,6,10,42,0,0,0,0,0,0,0,0,1,15,33,26,43,15,65,133
7090,30361533,2023-06-28T00:00:00,23:44:00,94,67,2,7,42,0,0,0,0,0,0,0,0,1,9,39,21,31,17,65,118
7090,30361533,2023-06-28T00:00:00,23:59:00,95,79,1,10,24,0,0,0,0,0,0,0,0,0,6,29,22,44,13,67,114
7090,30361533,2023-06-29T00:00:00,00:14:00,0,91,3,11,30,0,0,0,0,0,0,0,0,1,8,30,29,54,13,67,135
7090,30361533,2023-06-29T00:00:00,00:29:00,1,61,6,9,36,0,0,0,0,0,0,0,0,2,14,34,30,22,10,63,112
7090,30361533,2023-06-29T00:00:00,00:44:00,2,37,1,3,41,0,0,0,0,0,0,0,0,0,12,30,17,14,9,62,82
7090,30361533,2023-06-29T00:00:00,00:59:00,3,42,8,7,42,0,0,0,0,0,0,0,0,1,6,39,15,25,13,64,99
7090,30361533,2023-06-29T00:00:00,01:14:00,4,20,3,7,53,0,0,0,0,0,0,0,0,0,9,44,16,11,3,60,83
7090,30361533,2023-06-29T00:00:00,01:29:00,5,26,1,4,42,0,0,0,0,0,0,0,0,0,10,31,16,11,5,61,73
7090,30361533,2023-06-29T00:00:00,01:44:00,6,29,6,5,62,0,0,0,0,0,0,0,0,0,16,53,13,15,5,60,102
7090,30361533,2023-06-29T00:00:00,01:59:00,7,30,6,5,43,0,0,0,0,0,0,0,0,0,8,37,14,16,9,63,84
7090,30361533,2023-06-29T00:00:00,02:14:00,8,20,3,10,64,0,0,0,0,0,0,0,0,1,10,57,18,10,1,59,97
7090,30361533,2023-06-29T00:00:00,02:29:00,9,24,5,14,32,0,0,0,0,0,0,0,0,0,6,34,8,18,9,63,75
7090,30361533,2023-06-29T00:00:00,02:44:00,10,23,5,12,43,0,0,0,0,0,0,0,0,0,9,37,18,14,5,62,83
7090,30361533,2023-06-29T00:00:00,02:59:00,11,20,7,13,45,0,0,0,0,0,0,0,0,1,8,37,15,18,6,62,85
7090,30361533,2023-06-29T00:00:00,03:14:00,12,18,7,20,49,0,0,0,0,0,0,0,0,2,11,41,16,16,8,61,94
7090,30361533,2023-06-29T00:00:00,03:29:00,13,13,7,17,45,0,0,0,0,0,0,0,1,0,9,40,13,11,8,61,82
7090,30361533,2023-06-29T00:00:00,03:44:00,14,17,2,20,46,0,0,0,0,0,0,0,0,1,11,43,15,13,2,60,85
7090,30361533,2023-06-29T00:00:00,03:59:00,15,15,6,17,37,0,0,0,0,0,0,0,0,0,16,28,8,14,9,62,75
7090,30361533,2023-06-29T00:00:00,04:14:00,16,18,8,19,52,0,0,0,0,0,0,0,0,2,12,41,21,18,3,61,97
7090,30361533,2023-06-29T00:00:00,04:29:00,17,29,12,14,57,0,0,0,0,0,0,0,0,1,12,45,22,25,7,62,112
7090,30361533,2023-06-29T00:00:00,04:44:00,18,30,7,28,67,0,0,0,0,0,0,0,0,0,10,60,22,31,9,63,132
7090,30361533,2023-06-29T00:00:00,04:59:00,19,45,20,22,59,0,0,0,0,0,0,0,0,0,16,48,34,37,11,63,146
7090,30361533,2023-06-29T00:00:00,05:14:00,20,62,16,32,66,0,0,0,0,0,0,0,0,0,18,60,38,36,24,64,176
7090,30361533,2023-06-29T00:00:00,05:29:00,21,70,15,29,66,0,0,0,0,0,0,0,0,1,18,63,30,44,24,64,180
7090,30361533,2023-06-29T00:00:00,05:44:00,22,92,19,31,70,0,0,0,0,0,0,0,0,0,21,68,49,54,20,64,212
7090,30361533,2023-06-29T00:00:00,05:59:00,23,107,25,46,77,0,0,0,0,0,0,0,0,2,30,78,52,74,19,64,255
7090,30361533,2023-06-29T00:00:00,06:14:00,24,143,25,44,53,0,0,0,0,0,0,0,0,0,19,58,57,102,29,67,265
7090,30361533,2023-06-29T00:00:00,06:29:00,25,197,29,44,142,0,0,0,0,0,0,0,0,0,32,129,77,127,47,65,412
7090,30361533,2023-06-29T00:00:00,06:44:00,26,309,48,59,93,0,0,0,0,0,0,0,0,1,49,78,134,167,80,67,509
7090,30361533,2023-06-29T00:00:00,06:59:00,27,296,65,59,86,0,0,0,0,0,0,0,0,2,52,70,138,181,63,67,506
7090,30361533,2023-06-29T00:00:00,07:14:00,28,384,72,48,83,0,0,0,0,0,0,0,0,1,28,94,161,206,97,68,587
7090,30361533,2023-06-29T00:00:00,07:29:00,29,421,71,73,94,0,0,0,0,0,0,0,0,2,61,106,170,244,76,67,659
7090,30361533,2023-06-29T00:00:00,07:44:00,30,470,77,59,63,0,0,0,0,0,0,0,0,3,45,95,202,240,84,67,669
7090,30361533,2023-06-29T00:00:00,07:59:00,31,504,80,57,70,0,0,0,0,0,0,0,0,0,46,101,203,283,78,68,711
7090,30361533,2023-06-29T00:00:00,08:14:00,32,485,76,56,52,0,0,0,0,0,0,0,0,0,40,85,175,273,96,68,669
7090,30361533,2023-06-29T00:00:00,08:29:00,33,505,94,54,57,0,0,0,0,0,0,0,0,5,33,80,234,277,81,68,710
7090,30361533,2023-06-29T00:00:00,08:44:00,34,455,52,47,48,0,0,0,0,0,0,0,0,1,28,78,177,236,82,68,602
7090,30361533,2023-06-29T00:00:00,08:59:00,35,446,61,50,50,0,0,0,0,0,0,0,0,0,38,74,184,232,79,68,607
7090,30361533,2023-06-29T00:00:00,09:14:00,36,404,57,42,50,0,0,0,0,0,0,0,0,1,17,83,189,213,50,68,553
7090,30361533,2023-06-29T00:00:00,09:29:00,37,395,50,50,58,0,0,0,0,0,0,0,0,0,32,78,171,216,56,67,553
7090,30361533,2023-06-29T00:00:00,09:44:00,38,483,49,37,62,0,0,0,0,0,0,0,1,6,25,77,200,253,69,68,631
7090,30361533,2023-06-29T00:00:00,09:59:00,39,451,35,47,49,0,0,0,0,0,0,0,0,0,29,71,190,228,64,68,582
7090,30361533,2023-06-29T00:00:00,10:14:00,40,497,46,43,58,0,0,0,0,0,0,0,0,4,39,78,198,263,62,68,644
7090,30361533,2023-06-29T00:00:00,10:29:00,41,448,33,44,60,0,0,0,0,0,0,0,0,2,38,82,174,223,66,67,585
7090,30361533,2023-06-29T00:00:00,10:44:00,42,518,34,51,72,0,0,0,0,0,0,0,0,0,36,104,210,267,58,67,675
7090,30361533,2023-06-29T00:00:00,10:59:00,43,503,44,32,58,0,0,0,0,0,0,0,0,4,34,73,207,255,64,68,637
7090,30361533,2023-06-29T00:00:00,11:14:00,44,546,46,54,51,0,0,0,0,0,0,0,0,2,39,91,220,277,68,68,697
7090,30361533,2023-06-29T00:00:00,11:29:00,45,592,46,46,57,0,0,0,0,0,0,0,0,0,30,99,247,309,56,68,741
7090,30361533,2023-06-29T00:00:00,11:44:00,46,575,48,38,73,0,0,0,0,0,0,0,1,4,42,95,230,286,76,67,734
7090,30361533,2023-06-29T00:00:00,11:59:00,47,544,47,43,70,0,0,0,0,0,0,0,1,4,43,90,234,259,73,67,704
7090,30361533,2023-06-29T00:00:00,12:14:00,48,564,56,31,73,0,0,0,0,0,0,0,0,2,30,117,248,277,50,67,724
7090,30361533,2023-06-29T00:00:00,12:29:00,49,476,43,49,78,0,0,0,0,0,0,0,0,5,42,96,214,228,61,67,646
7090,30361533,2023-06-29T00:00:00,12:44:00,50,506,32,43,61,0,0,0,0,0,0,0,0,2,42,68,199,259,72,68,642
7090,30361533,2023-06-29T00:00:00,12:59:00,51,461,39,42,75,0,0,0,0,0,0,0,0,1,36,99,202,212,67,67,617
7090,30361533,2023-06-29T00:00:00,13:14:00,52,451,33,44,83,0,0,0,0,0,0,0,2,2,31,96,165,238,77,68,611
7090,30361533,2023-06-29T00:00:00,13:29:00,53,459,39,40,67,0,0,0,0,0,0,0,0,2,27,94,162,244,76,68,605
7090,30361533,2023-06-29T00:00:00,13:44:00,54,526,42,35,66,0,0,0,0,0,0,0,0,3,22,90,213,258,83,68,669
7090,30361533,2023-06-29T00:00:00,13:59:00,55,517,37,50,73,0,0,0,0,1,0,0,1,5,19,99,190,284,78,68,677
7090,30361533,2023-06-29T00:00:00,14:14:00,56,496,30,38,56,0,0,0,0,0,0,0,0,6,37,78,162,268,69,68,620
7090,30361533,2023-06-29T00:00:00,14:29:00,57,506,44,37,71,0,0,0,0,0,0,0,0,1,26,87,190,275,79,68,658
7090,30361533,2023-06-29T00:00:00,14:44:00,58,527,40,33,68,0,0,0,0,0,0,0,1,2,39,76,205,262,83,68,668
7090,30361533,2023-06-29T00:00:00,14:59:00,59,515,39,41,77,0,0,0,0,0,0,0,2,6,54,108,219,218,65,66,672
7090,30361533,2023-06-29T00:00:00,15:14:00,60,513,43,26,59,0,0,0,0,0,0,0,0,1,24,79,190,271,76,69,641
7090,30361533,2023-06-29T00:00:00,15:29:00,61,549,31,42,71,0,0,0,0,0,0,0,0,0,40,81,192,289,91,68,693
7090,30361533,2023-06-29T00:00:00,15:44:00,62,532,41,36,67,0,0,0,0,0,0,0,0,1,29,74,187,279,106,69,676
7090,30361533,2023-06-29T00:00:00,15:59:00,63,566,39,32,65,0,0,0,0,0,0,0,0,2,19,111,208,274,88,68,702
7090,30361533,2023-06-29T00:00:00,16:14:00,64,575,34,28,71,0,0,0,0,0,0,0,1,3,28,85,190,310,91,69,708
7090,30361533,2023-06-29T00:00:00,16:29:00,65,623,37,28,56,0,0,0,0,0,0,0,1,5,18,72,194,330,124,70,744
7090,30361533,2023-06-29T00:00:00,16:44:00,66,624,35,25,53,0,0,0,0,0,0,0,1,3,22,73,207,309,122,70,737
7090,30361533,2023-06-29T00:00:00,16:59:00,67,609,33,15,56,0,0,0,0,0,0,0,0,0,15,70,205,311,112,70,713
7090,30361533,2023-06-29T00:00:00,17:14:00,68,612,29,17,65,0,0,0,0,0,0,0,0,0,27,77,196,313,110,69,723
7090,30361533,2023-06-29T00:00:00,17:29:00,69,574,33,23,51,0,0,0,0,0,0,0,0,2,16,72,205,281,105,69,681
7090,30361533,2023-06-29T00:00:00,17:44:00,70,598,36,22,74,0,0,0,0,0,0,0,0,1,38,96,182,315,98,69,730
7090,30361533,2023-06-29T00:00:00,17:59:00,71,604,18,14,52,0,0,0,0,0,0,0,0,7,13,62,159,294,153,71,688
7090,30361533,2023-06-29T00:00:00,18:14:00,72,496,26,20,46,0,0,0,0,0,0,0,1,1,14,81,138,216,137,70,588
7090,30361533,2023-06-29T00:00:00,18:29:00,73,463,33,21,41,0,0,0,0,0,0,0,0,1,19,52,145,208,133,71,558
7090,30361533,2023-06-29T00:00:00,18:44:00,74,421,18,14,38,0,0,0,0,0,0,0,0,0,12,56,122,212,89,70,491
7090,30361533,2023-06-29T00:00:00,18:59:00,75,385,24,15,60,0,0,0,0,0,0,0,0,0,18,62,132,190,82,69,484
7090,30361533,2023-06-29T00:00:00,19:14:00,76,346,19,8,40,0,0,0,0,0,0,0,0,1,6,44,93,163,106,71,413
7090,30361533,2023-06-29T00:00:00,19:29:00,77,296,21,19,41,0,0,0,0,0,0,0,0,0,12,43,87,149,86,70,377
7090,30361533,2023-06-29T00:00:00,19:44:00,78,344,25,16,42,0,0,0,0,0,0,0,1,0,10,52,87,176,101,71,427
7090,30361533,2023-06-29T00:00:00,19:59:00,79,333,18,11,37,0,0,0,0,0,0,0,0,0,9,39,101,156,94,71,399
7090,30361533,2023-06-29T00:00:00,20:14:00,80,296,13,13,54,0,0,0,0,0,0,0,0,0,14,52,79,142,89,70,376
7090,30361533,2023-06-29T00:00:00,20:29:00,81,270,12,15,42,0,0,0,0,0,0,0,0,0,7,53,60,138,81,71,339
7090,30361533,2023-06-29T00:00:00,20:44:00,82,287,7,12,41,0,0,0,0,0,0,0,0,2,14,37,78,137,79,70,347
7090,30361533,2023-06-29T00:00:00,20:59:00,83,261,18,8,36,0,0,0,0,0,0,0,0,0,14,31,73,149,56,70,323
7090,30361533,2023-06-29T00:00:00,21:14:00,84,272,16,6,38,0,0,0,0,0,0,0,0,0,4,47,64,126,91,71,332
7090,30361533,2023-06-29T00:00:00,21:29:00,85,207,7,7,32,0,0,0,0,0,0,0,1,0,9,28,53,92,70,71,253
7090,30361533,2023-06-29T00:00:00,21:44:00,86,182,5,13,37,0,0,0,0,0,0,0,0,0,17,30,48,98,44,69,237
7090,30361533,2023-06-29T00:00:00,21:59:00,87,163,6,9,40,0,0,0,0,0,0,0,0,0,11,40,43,86,38,68,218
7090,30361533,2023-06-29T00:00:00,22:14:00,88,139,8,7,29,0,0,0,0,0,0,0,0,1,7,35,37,69,34,68,183
7090,30361533,2023-06-29T00:00:00,22:29:00,89,115,8,6,38,0,0,0,0,0,0,0,0,0,8,35,41,59,24,67,167
7090,30361533,2023-06-29T00:00:00,22:44:00,90,118,3,19,34,0,0,0,0,0,0,1,0,1,13,35,43,52,29,66,174
7090,30361533,2023-06-29T00:00:00,22:59:00,91,118,5,10,45,0,0,0,0,0,0,0,0,3,10,38,37,66,24,67,178
7090,30361533,2023-06-29T00:00:00,23:14:00,92,104,7,8,43,0,0,0,0,0,0,0,0,0,12,37,37,53,23,66,162
7090,30361533,2023-06-29T00:00:00,23:29:00,93,89,8,9,39,0,0,0,0,0,0,0,0,1,10,38,41,36,19,65,145
7090,30361533,2023-06-29T00:00:00,23:44:00,94,122,3,4,31,0,0,0,0,0,0,0,0,0,7,31,35,61,26,68,160
7090,30361533,2023-06-29T00:00:00,23:59:00,95,93,6,12,39,0,0,0,0,0,0,0,0,0,6,37,36,49,22,67,150
7090,30361533,2023-06-30T00:00:00,00:14:00,0,99,8,4,30,0,0,0,0,0,0,0,0,1,3,29,40,53,15,67,141
7090,30361533,2023-06-30T00:00:00,00:29:00,1,110,0,12,34,0,0,0,0,0,0,0,1,1,3,32,38,63,18,67,156
7090,30361533,2023-06-30T00:00:00,00:44:00,2,69,4,10,30,0,0,0,0,0,0,0,0,0,9,32,20,38,14,66,113
7090,30361533,2023-06-30T00:00:00,00:59:00,3,52,3,2,35,0,0,0,0,0,0,0,0,1,8,31,15,24,13,64,92
7090,30361533,2023-06-30T00:00:00,01:14:00,4,30,3,7,31,0,0,0,0,0,0,0,0,0,6,30,11,13,11,64,71
7090,30361533,2023-06-30T00:00:00,01:29:00,5,33,3,3,38,0,0,0,0,0,0,0,0,1,13,26,5,24,8,63,77
7090,30361533,2023-06-30T00:00:00,01:44:00,6,27,5,10,44,0,0,0,0,0,0,0,0,0,9,36,12,20,9,63,86
7090,30361533,2023-06-30T00:00:00,01:59:00,7,37,4,11,48,0,0,0,0,0,0,0,0,1,6,46,13,21,13,63,100
7090,30361533,2023-06-30T00:00:00,02:14:00,8,32,6,9,55,0,0,0,0,0,0,0,0,3,9,49,21,13,7,61,102
7090,30361533,2023-06-30T00:00:00,02:29:00,9,25,2,8,35,0,0,0,0,0,0,0,0,2,5,31,12,16,4,62,70
7090,30361533,2023-06-30T00:00:00,02:44:00,10,30,3,14,42,0,0,0,0,0,0,0,0,1,3,41,23,11,10,63,89
7090,30361533,2023-06-30T00:00:00,02:59:00,11,31,0,12,42,0,0,0,0,0,0,0,1,1,9,34,16,19,5,62,85
7090,30361533,2023-06-30T00:00:00,03:14:00,12,28,4,11,45,0,0,0,0,0,0,0,0,0,9,38,21,14,6,62,88
7090,30361533,2023-06-30T00:00:00,03:29:00,13,43,7,11,49,0,0,0,0,0,0,0,0,0,6,45,17,24,18,65,110
7090,30361533,2023-06-30T00:00:00,03:44:00,14,26,2,19,61,0,0,0,0,0,0,0,0,0,10,52,23,19,4,61,108
7090,30361533,2023-06-30T00:00:00,03:59:00,15,21,8,21,53,0,0,0,0,0,0,0,0,0,16,43,17,19,8,61,103
7090,30361533,2023-06-30T00:00:00,04:14:00,16,18,6,17,47,0,0,0,0,0,0,0,0,0,8,44,11,23,2,62,88
7090,30361533,2023-06-30T00:00:00,04:29:00,17,29,12,17,51,0,0,0,0,0,0,0,0,1,10,45,25,19,9,62,109
7090,30361533,2023-06-30T00:00:00,04:44:00,18,39,7,27,60,0,0,0,0,0,0,0,1,0,10,62,27,25,8,62,133
7090,30361533,2023-06-30T00:00:00,04:59:00,19,45,10,27,62,0,0,0,0,0,0,0,0,0,9,61,29,38,7,63,144
7090,30361533,2023-06-30T00:00:00,05:14:00,20,58,12,27,47,0,0,0,0,0,0,0,0,0,14,40,32,39,19,65,144
7090,30361533,2023-06-30T00:00:00,05:29:00,21,65,22,26,69,0,0,0,0,0,0,0,0,1,11,67,44,44,15,64,182
7090,30361533,2023-06-30T00:00:00,05:44:00,22,92,16,37,78,0,0,0,0,1,0,1,0,1,18,74,47,53,28,64,223
7090,30361533,2023-06-30T00:00:00,05:59:00,23,102,17,42,70,0,0,0,0,0,0,0,0,0,23,72,41,60,35,65,231
7090,30361533,2023-06-30T00:00:00,06:14:00,24,115,28,40,84,0,0,0,0,0,0,0,0,1,19,87,63,62,35,65,267
7090,30361533,2023-06-30T00:00:00,06:29:00,25,163,35,52,83,0,0,0,0,0,0,0,0,1,25,85,59,105,58,67,333
7090,30361533,2023-06-30T00:00:00,06:44:00,26,238,38,44,71,0,0,0,0,0,0,0,0,0,28,74,94,127,68,67,391
7090,30361533,2023-06-30T00:00:00,06:59:00,27,237,50,41,68,0,0,0,0,0,0,0,0,1,25,71,78,145,76,68,396
7090,30361533,2023-06-30T00:00:00,07:14:00,28,303,64,45,83,0,0,0,0,0,0,0,0,3,33,80,128,179,72,67,495
7090,30361533,2023-06-30T00:00:00,07:29:00,29,375,51,55,69,0,0,0,0,0,0,0,0,1,26,89,159,201,74,68,550
7090,30361533,2023-06-30T00:00:00,07:44:00,30,429,72,48,78,0,0,0,0,0,0,0,0,1,37,87,150,251,101,69,627
7090,30361533,2023-06-30T00:00:00,07:59:00,31,402,67,58,64,0,0,0,0,0,0,0,0,1,34,90,155,244,67,68,591
7090,30361533,2023-06-30T00:00:00,08:14:00,32,417,58,52,61,0,0,0,0,0,0,0,2,1,29,92,151,236,77,68,588
7090,30361533,2023-06-30T00:00:00,08:29:00,33,429,73,49,65,0,0,0,0,0,0,0,0,1,27,91,167,254,76,68,616
7090,30361533,2023-06-30T00:00:00,08:44:00,34,400,60,43,67,0,0,0,0,0,0,0,0,1,26,88,172,235,48,67,570
7090,30361533,2023-06-30T00:00:00,08:59:00,35,440,55,46,51,0,0,0,0,0,0,0,0,0,34,73,183,234,68,68,592
7090,30361533,2023-06-30T00:00:00,09:14:00,36,441,47,47,68,0,0,1,0,0,0,0,0,5,31,95,233,201,37,66,603
7090,30361533,2023-06-30T00:00:00,09:29:00,37,430,46,44,55,0,0,0,0,0,0,0,0,1,23,79,222,208,42,67,575
7090,30361533,2023-06-30T00:00:00,09:44:00,38,518,36,50,64,0,0,0,0,0,0,0,1,3,44,114,245,227,34,66,668
7090,30361533,2023-06-30T00:00:00,09:59:00,39,515,36,49,55,0,0,0,0,0,0,0,0,2,26,103,240,246,38,67,655
7090,30361533,2023-06-30T00:00:00,10:14:00,40,561,44,45,66,0,0,0,0,0,0,0,0,1,39,108,263,267,38,66,716
7090,30361533,2023-06-30T00:00:00,10:29:00,41,628,49,40,64,0,0,0,0,0,0,0,0,2,27,129,303,277,43,66,781
7090,30361533,2023-06-30T00:00:00,10:44:00,42,665,45,37,53,0,0,0,0,0,0,0,0,0,29,97,329,300,45,67,800
7090,30361533,2023-06-30T00:00:00,10:59:00,43,685,37,39,78,0,0,0,0,0,0,0,0,3,47,107,323,333,26,66,839
7090,30361533,2023-06-30T00:00:00,11:14:00,44,704,51,50,58,0,0,0,0,0,0,0,0,4,23,103,341,361,31,67,863
7090,30361533,2023-06-30T00:00:00,11:29:00,45,763,48,46,67,0,0,0,0,0,0,0,0,0,41,124,400,330,29,66,924
7090,30361533,2023-06-30T00:00:00,11:44:00,46,689,38,45,53,0,0,0,0,0,0,0,0,5,52,126,363,261,18,65,825
7090,30361533,2023-06-30T00:00:00,11:59:00,47,747,56,47,62,0,0,0,0,0,0,0,2,12,76,183,419,215,5,63,912
7090,30361533,2023-06-30T00:00:00,12:14:00,48,724,69,46,66,0,0,0,0,0,0,0,0,2,84,162,389,245,23,64,905
7090,30361533,2023-06-30T00:00:00,12:29:00,49,729,47,46,59,0,0,0,0,0,0,0,3,15,70,140,347,277,29,65,881
7090,30361533,2023-06-30T00:00:00,12:44:00,50,679,54,51,60,0,0,0,0,0,0,0,0,9,68,131,316,283,37,65,844
7090,30361533,2023-06-30T00:00:00,12:59:00,51,715,53,48,68,0,0,0,0,0,0,0,0,8,38,149,342,312,35,66,884
7090,30361533,2023-06-30T00:00:00,13:14:00,52,819,56,45,53,0,0,0,0,0,0,0,0,4,60,142,468,287,12,65,973
7090,30361533,2023-06-30T00:00:00,13:29:00,53,781,42,51,45,0,0,0,0,0,0,1,4,10,42,127,391,311,33,66,919
7090,30361533,2023-06-30T00:00:00,13:44:00,54,736,52,53,65,0,0,0,0,0,0,0,0,5,49,142,385,295,30,66,906
7090,30361533,2023-06-30T00:00:00,13:59:00,55,725,52,48,52,0,0,0,0,0,0,0,3,14,44,102,358,311,45,66,877
7090,30361533,2023-06-30T00:00:00,14:14:00,56,773,49,47,60,0,0,0,0,0,0,0,0,4,40,125,342,376,42,67,929
7090,30361533,2023-06-30T00:00:00,14:29:00,57,794,51,39,61,0,0,0,0,0,0,0,0,7,32,143,398,324,41,66,945
7090,30361533,2023-06-30T00:00:00,14:44:00,58,714,46,40,38,0,0,0,0,0,0,0,0,2,34,105,306,336,55,67,838
7090,30361533,2023-06-30T00:00:00,14:59:00,59,748,38,36,46,0,0,0,0,0,0,0,0,0,27,112,359,334,36,67,868
7090,30361533,2023-06-30T00:00:00,15:14:00,60,794,46,37,56,0,0,0,0,0,0,1,2,14,37,133,412,290,44,66,933
7090,30361533,2023-06-30T00:00:00,15:29:00,61,834,36,37,60,0,0,0,0,0,0,0,15,38,114,159,384,228,29,62,967
7090,30361533,2023-06-30T00:00:00,15:44:00,62,774,48,30,38,0,0,0,0,0,0,0,0,1,53,126,378,291,41,66,890
7090,30361533,2023-06-30T00:00:00,15:59:00,63,723,43,25,42,0,0,0,0,0,0,0,0,1,35,114,379,276,28,66,833
7090,30361533,2023-06-30T00:00:00,16:14:00,64,844,35,31,48,0,0,0,0,0,0,0,2,24,74,186,399,250,23,64,958
7090,30361533,2023-06-30T00:00:00,16:29:00,65,710,52,25,42,0,0,0,0,0,0,0,0,0,24,123,337,313,32,67,829
7090,30361533,2023-06-30T00:00:00,16:44:00,66,825,39,25,32,0,0,0,0,0,0,0,4,36,107,237,398,133,6,61,921
7090,30361533,2023-06-30T00:00:00,16:59:00,67,660,31,21,37,0,0,0,0,0,0,0,2,8,38,110,340,224,27,65,749
7090,30361533,2023-06-30T00:00:00,17:14:00,68,818,32,28,25,0,0,0,0,0,0,0,0,5,59,158,416,246,19,65,903
7090,30361533,2023-06-30T00:00:00,17:29:00,69,760,32,23,23,0,0,0,0,0,0,1,0,10,38,104,346,298,41,66,838
7090,30361533,2023-06-30T00:00:00,17:44:00,70,754,37,24,34,0,0,0,0,0,0,0,2,7,51,104,389,265,31,66,849
7090,30361533,2023-06-30T00:00:00,17:59:00,71,774,46,27,24,0,0,0,0,0,0,2,1,9,31,102,354,316,56,67,871
7090,30361533,2023-06-30T00:00:00,18:14:00,72,787,37,22,37,0,0,0,0,0,0,0,0,5,24,85,331,373,65,68,883
7090,30361533,2023-06-30T00:00:00,18:29:00,73,725,27,19,38,0,0,0,0,0,0,0,0,3,20,79,300,335,72,68,809
7090,30361533,2023-06-30T00:00:00,18:44:00,74,617,31,21,22,0,0,0,0,0,0,0,0,0,11,47,180,363,90,71,691
7090,30361533,2023-06-30T00:00:00,18:59:00,75,799,40,20,44,0,0,0,0,0,0,0,0,2,27,100,401,339,34,67,903
7090,30361533,2023-06-30T00:00:00,19:14:00,76,763,41,28,46,0,0,0,0,0,0,0,0,1,18,101,302,410,46,68,878
7090,30361533,2023-06-30T00:00:00,19:29:00,77,799,37,25,42,0,0,0,0,0,0,0,1,2,30,97,387,341,45,67,903
7090,30361533,2023-06-30T00:00:00,19:44:00,78,707,36,19,63,0,0,0,0,0,0,0,0,2,42,156,320,276,29,66,825
7090,30361533,2023-06-30T00:00:00,19:59:00,79,707,27,23,44,0,0,0,0,0,0,0,0,3,42,118,367,239,32,66,801
7090,30361533,2023-06-30T00:00:00,20:14:00,80,634,33,21,38,0,0,0,0,0,0,0,0,4,30,103,276,268,45,67,726
7090,30361533,2023-06-30T00:00:00,20:29:00,81,454,17,17,32,0,0,0,0,0,0,0,0,1,13,48,198,207,53,69,520
7090,30361533,2023-06-30T00:00:00,20:44:00,82,404,15,14,37,0,0,0,0,0,0,0,0,1,10,55,164,192,48,68,470
7090,30361533,2023-06-30T00:00:00,20:59:00,83,311,14,10,26,0,0,0,0,0,0,0,0,0,10,48,118,144,41,68,361
7090,30361533,2023-06-30T00:00:00,21:14:00,84,267,15,7,23,0,0,0,0,0,0,0,0,0,8,29,94,139,42,70,312
7090,30361533,2023-06-30T00:00:00,21:29:00,85,264,21,10,24,0,0,0,0,0,0,0,0,0,14,35,99,125,46,69,319
7090,30361533,2023-06-30T00:00:00,21:44:00,86,251,12,8,24,0,0,0,0,0,0,0,0,0,12,29,110,115,29,68,295
7090,30361533,2023-06-30T00:00:00,21:59:00,87,210,11,8,31,0,0,0,0,0,0,0,0,1,18,33,71,107,30,68,260
7090,30361533,2023-06-30T00:00:00,22:14:00,88,180,7,9,30,0,0,0,0,0,0,0,1,0,16,33,67,85,24,67,226
7090,30361533,2023-06-30T00:00:00,22:29:00,89,144,7,8,31,0,0,0,0,0,0,0,0,1,13,33,65,57,21,66,190
7090,30361533,2023-06-30T00:00:00,22:44:00,90,140,1,7,23,0,0,0,0,0,0,0,0,0,7,25,43,72,24,69,171
7090,30361533,2023-06-30T00:00:00,22:59:00,91,170,7,12,35,0,0,0,0,0,0,0,0,1,14,41,72,64,32,67,224
7090,30361533,2023-06-30T00:00:00,23:14:00,92,125,9,7,33,0,0,0,0,0,0,0,0,2,8,38,54,55,17,66,174
7090,30361533,2023-06-30T00:00:00,23:29:00,93,128,9,4,42,0,0,0,0,0,0,0,0,4,18,41,51,59,10,64,183
7090,30361533,2023-06-30T00:00:00,23:44:00,94,94,3,2,28,0,0,0,0,0,0,0,0,2,9,26,42,37,11,65,127
7090,30361533,2023-06-30T00:00:00,23:59:00,95,110,5,7,22,0,0,0,0,0,0,0,0,0,8,25,42,51,18,67,144
7090,30361533,2023-07-01T00:00:00,00:14:00,0,122,6,11,31,0,0,0,0,0,0,0,0,0,9,26,60,61,14,67,170
7090,30361533,2023-07-01T00:00:00,00:29:00,1,147,7,11,37,0,0,0,0,0,0,0,0,0,8,43,52,69,30,67,202
7090,30361533,2023-07-01T00:00:00,00:44:00,2,117,1,5,37,0,0,0,0,0,0,0,0,0,12,33,38,56,21,67,160
7090,30361533,2023-07-01T00:00:00,00:59:00,3,78,2,2,24,0,0,0,0,0,0,0,1,1,7,19,33,31,14,66,106
